book,chapter,verse,text,version
John,1,1,"In the beginning was the Word, and the Word was with God, and the Word was God.","NIV"
John,1,2,"He was with God in the beginning.","NIV"
John,1,3,"Through him all things were made; without him nothing was made that has been made.","NIV"
John,1,4,"In him was life, and that life was the light of all mankind.","NIV"
John,1,5,"The light shines in the darkness, and the darkness has not overcome it.","NIV"
John,1,6,"There was a man sent from God whose name was John.","NIV"
John,1,7,"He came as a witness to testify concerning that light, so that through him all might believe.","NIV"
John,1,8,"He himself was not the light; he came only as a witness to the light.","NIV"
John,1,9,"The true light that gives light to everyone was coming into the world.","NIV"
John,1,10,"He was in the world, and though the world was made through him, the world did not recognize him.","NIV"
John,1,11,"He came to that which was his own, but his own did not receive him.","NIV"
John,1,12,"Yet to all who did receive him, to those who believed in his name, he gave the right to become children of God—","NIV"
John,1,13,"children born not of natural descent, nor of human decision or a husband’s will, but born of God.","NIV"
John,1,14,"The Word became flesh and made his dwelling among us. We have seen his glory, the glory of the one and only Son, who came from the Father, full of grace and truth.","NIV"
John,1,15,"(John testified concerning him. He cried out, saying, “This is the one I spoke about when I said, ‘He who comes after me has surpassed me because he was before me.’”)","NIV"
John,1,16,"Out of his fullness we have all received grace in place of grace already given.","NIV"
John,1,17,"For the law was given through Moses; grace and truth came through Jesus Christ.","NIV"
John,1,18,"No one has ever seen God, but the one and only Son, who is himself God and is in closest relationship with the Father, has made him known.","NIV"
John,1,19,"Now this was John’s testimony when the Jewish leaders in Jerusalem sent priests and Levites to ask him who he was.","NIV"
John,1,20,"He did not fail to confess, but confessed freely, “I am not the Messiah.”","NIV"
John,1,21,"They asked him, “Then who are you? Are you Elijah?” He said, “I am not.” “Are you the Prophet?” He answered, “No.”","NIV"
John,1,22,"Finally they said, “Who are you? Give us an answer to take back to those who sent us. What do you say about yourself?”","NIV"
John,1,23,"John replied in the words of Isaiah the prophet, “I am the voice of one calling in the wilderness, ‘Make straight the way for the Lord.’”","NIV"
John,1,24,"Now the Pharisees who had been sent","NIV"
John,1,25,"questioned him, “Why then do you baptize if you are not the Messiah, nor Elijah, nor the Prophet?”","NIV"
John,1,26,"“I baptize with water,” John replied, “but among you stands one you do not know.","NIV"
John,1,27,"He is the one who comes after me, the straps of whose sandals I am not worthy to untie.”","NIV"
John,1,28,"This all happened at Bethany on the other side of the Jordan, where John was baptizing.","NIV"
John,1,29,"The next day John saw Jesus coming toward him and said, “Look, the Lamb of God, who takes away the sin of the world!","NIV"
John,1,30,"This is the one I meant when I said, ‘A man who comes after me has surpassed me because he was before me.’","NIV"
John,1,31,"I myself did not know him, but the reason I came baptizing with water was that he might be revealed to Israel.”","NIV"
John,1,32,"Then John gave this testimony: “I saw the Spirit come down from heaven as a dove and remain on him.","NIV"
John,1,33,"And I myself did not know him, but the one who sent me to baptize with water told me, ‘The man on whom you see the Spirit come down and remain is the one who will baptize with the Holy Spirit.’","NIV"
John,1,34,"I have seen and I testify that this is God’s Chosen One.”","NIV"
John,1,35,"The next day John was there again with two of his disciples.","NIV"
John,1,36,"When he saw Jesus passing by, he said, “Look, the Lamb of God!”","NIV"
John,1,37,"When the two disciples heard him say this, they followed Jesus.","NIV"
John,1,38,"Turning around, Jesus saw them following and asked, “What do you want?” They said, “Rabbi” (which means “Teacher”), “where are you staying?”","NIV"
John,1,39,"“Come,”he replied, “and you will see.” So they went and saw where he was staying, and they spent that day with him. It was about four in the afternoon.","NIV"
John,1,40,"Andrew, Simon Peter’s brother, was one of the two who heard what John had said and who had followed Jesus.","NIV"
John,1,41,"The first thing Andrew did was to find his brother Simon and tell him, “We have found the Messiah” (that is, the Christ).","NIV"
John,1,42,"And he brought him to Jesus. Jesus looked at him and said, “You are Simon son of John. You will be called Cephas”(which, when translated, is Peter).","NIV"
John,1,43,"The next day Jesus decided to leave for Galilee. Finding Philip, he said to him, “Follow me.”","NIV"
John,1,44,"Philip, like Andrew and Peter, was from the town of Bethsaida.","NIV"
John,1,45,"Philip found Nathanael and told him, “We have found the one Moses wrote about in the Law, and about whom the prophets also wrote—Jesus of Nazareth, the son of Joseph.”","NIV"
John,1,46,"“Nazareth! Can anything good come from there?” Nathanael asked. “Come and see,” said Philip.","NIV"
John,1,47,"When Jesus saw Nathanael approaching, he said of him, “Here truly is an Israelite in whom there is no deceit.”","NIV"
John,1,48,"“How do you know me?” Nathanael asked. Jesus answered, “I saw you while you were still under the fig tree before Philip called you.”","NIV"
John,1,49,"Then Nathanael declared, “Rabbi, you are the Son of God; you are the king of Israel.”","NIV"
John,1,50,"Jesus said, “You believe because I told you I saw you under the fig tree. You will see greater things than that.”","NIV"
John,1,51,"He then added, “Very truly I tell you, you will see ‘heaven open, and the angels of God ascending and descending on’ the Son of Man.”","NIV"
John,2,1,"On the third day a wedding took place at Cana in Galilee. Jesus’ mother was there,","NIV"
John,2,2,"and Jesus and his disciples had also been invited to the wedding.","NIV"
John,2,3,"When the wine was gone, Jesus’ mother said to him, “They have no more wine.”","NIV"
John,2,4,"“Woman, why do you involve me?”Jesus replied. “My hour has not yet come.”","NIV"
John,2,5,"His mother said to the servants, “Do whatever he tells you.”","NIV"
John,2,6,"Nearby stood six stone water jars, the kind used by the Jews for ceremonial washing, each holding from twenty to thirty gallons.","NIV"
John,2,7,"Jesus said to the servants, “Fill the jars with water”; so they filled them to the brim.","NIV"
John,2,8,"Then he told them, “Now draw some out and take it to the master of the banquet.” They did so,","NIV"
John,2,9,"and the master of the banquet tasted the water that had been turned into wine. He did not realize where it had come from, though the servants who had drawn the water knew. Then he called the bridegroom aside","NIV"
John,2,10,"and said, “Everyone brings out the choice wine first and then the cheaper wine after the guests have had too much to drink; but you have saved the best till now.”","NIV"
John,2,11,"What Jesus did here in Cana of Galilee was the first of the signs through which he revealed his glory; and his disciples believed in him.","NIV"
John,2,12,"After this he went down to Capernaum with his mother and brothers and his disciples. There they stayed for a few days.","NIV"
John,2,13,"When it was almost time for the Jewish Passover, Jesus went up to Jerusalem.","NIV"
John,2,14,"In the temple courts he found people selling cattle, sheep and doves, and others sitting at tables exchanging money.","NIV"
John,2,15,"So he made a whip out of cords, and drove all from the temple courts, both sheep and cattle; he scattered the coins of the money changers and overturned their tables.","NIV"
John,2,16,"To those who sold doves he said, “Get these out of here! Stop turning my Father’s house into a market!”","NIV"
John,2,17,"His disciples remembered that it is written: “Zeal for your house will consume me.”","NIV"
John,2,18,"The Jews then responded to him, “What sign can you show us to prove your authority to do all this?”","NIV"
John,2,19,"Jesus answered them, “Destroy this temple, and I will raise it again in three days.”","NIV"
John,2,20,"They replied, “It has taken forty-six years to build this temple, and you are going to raise it in three days?”","NIV"
John,2,21,"But the temple he had spoken of was his body.","NIV"
John,2,22,"After he was raised from the dead, his disciples recalled what he had said. Then they believed the scripture and the words that Jesus had spoken.","NIV"
John,2,23,"Now while he was in Jerusalem at the Passover Festival, many people saw the signs he was performing and believed in his name.","NIV"
John,2,24,"But Jesus would not entrust himself to them, for he knew all people.","NIV"
John,2,25,"He did not need any testimony about mankind, for he knew what was in each person.","NIV"
John,3,1,"Now there was a Pharisee, a man named Nicodemus who was a member of the Jewish ruling council.","NIV"
John,3,2,"He came to Jesus at night and said, “Rabbi, we know that you are a teacher who has come from God. For no one could perform the signs you are doing if God were not with him.”","NIV"
John,3,3,"Jesus replied, “Very truly I tell you, no one can see the kingdom of God unless they are born again.”","NIV"
John,3,4,"“How can someone be born when they are old?” Nicodemus asked. “Surely they cannot enter a second time into their mother’s womb to be born!”","NIV"
John,3,5,"Jesus answered, “Very truly I tell you, no one can enter the kingdom of God unless they are born of water and the Spirit.","NIV"
John,3,6,"Flesh gives birth to flesh, but the Spirit gives birth to spirit.","NIV"
John,3,7,"You should not be surprised at my saying, ‘You must be born again.’","NIV"
John,3,8,"The wind blows wherever it pleases. You hear its sound, but you cannot tell where it comes from or where it is going. So it is with everyone born of the Spirit.”","NIV"
John,3,9,"“How can this be?” Nicodemus asked.","NIV"
John,3,10,"“You are Israel’s teacher,”said Jesus, “and do you not understand these things?","NIV"
John,3,11,"Very truly I tell you, we speak of what we know, and we testify to what we have seen, but still you people do not accept our testimony.","NIV"
John,3,12,"I have spoken to you of earthly things and you do not believe; how then will you believe if I speak of heavenly things?","NIV"
John,3,13,"No one has ever gone into heaven except the one who came from heaven—the Son of Man.","NIV"
John,3,14,"Just as Moses lifted up the snake in the wilderness, so the Son of Man must be lifted up,","NIV"
John,3,15,"that everyone who believes may have eternal life in him.”","NIV"
John,3,16,"For God so loved the world that he gave his one and only Son, that whoever believes in him shall not perish but have eternal life.","NIV"
John,3,17,"For God did not send his Son into the world to condemn the world, but to save the world through him.","NIV"
John,3,18,"Whoever believes in him is not condemned, but whoever does not believe stands condemned already because they have not believed in the name of God’s one and only Son.","NIV"
John,3,19,"This is the verdict: Light has come into the world, but people loved darkness instead of light because their deeds were evil.","NIV"
John,3,20,"Everyone who does evil hates the light, and will not come into the light for fear that their deeds will be exposed.","NIV"
John,3,21,"But whoever lives by the truth comes into the light, so that it may be seen plainly that what they have done has been done in the sight of God.","NIV"
John,3,22,"After this, Jesus and his disciples went out into the Judean countryside, where he spent some time with them, and baptized.","NIV"
John,3,23,"Now John also was baptizing at Aenon near Salim, because there was plenty of water, and people were coming and being baptized.","NIV"
John,3,24,"(This was before John was put in prison.)","NIV"
John,3,25,"An argument developed between some of John’s disciples and a certain Jew over the matter of ceremonial washing.","NIV"
John,3,26,"They came to John and said to him, “Rabbi, that man who was with you on the other side of the Jordan—the one you testified about—look, he is baptizing, and everyone is going to him.”","NIV"
John,3,27,"To this John replied, “A person can receive only what is given them from heaven.","NIV"
John,3,28,"You yourselves can testify that I said, ‘I am not the Messiah but am sent ahead of him.’","NIV"
John,3,29,"The bride belongs to the bridegroom. The friend who attends the bridegroom waits and listens for him, and is full of joy when he hears the bridegroom’s voice. That joy is mine, and it is now complete.","NIV"
John,3,30,"He must become greater; I must become less.”","NIV"
John,3,31,"The one who comes from above is above all; the one who is from the earth belongs to the earth, and speaks as one from the earth. The one who comes from heaven is above all.","NIV"
John,3,32,"He testifies to what he has seen and heard, but no one accepts his testimony.","NIV"
John,3,33,"Whoever has accepted it has certified that God is truthful.","NIV"
John,3,34,"For the one whom God has sent speaks the words of God, for God gives the Spirit without limit.","NIV"
John,3,35,"The Father loves the Son and has placed everything in his hands.","NIV"
John,3,36,"Whoever believes in the Son has eternal life, but whoever rejects the Son will not see life, for God’s wrath remains on them.","NIV"

John,4,1,"Now Jesus learned that the Pharisees had heard that he was gaining and baptizing more disciples than John—","NIV"
John,4,2,"although in fact it was not Jesus who baptized, but his disciples.","NIV"
John,4,3,"So he left Judea and went back once more to Galilee.","NIV"
John,4,4,"Now he had to go through Samaria.","NIV"
John,4,5,"So he came to a town in Samaria called Sychar, near the plot of ground Jacob had given to his son Joseph.","NIV"
John,4,6,"Jacob’s well was there, and Jesus, tired as he was from the journey, sat down by the well. It was about noon.","NIV"
John,4,7,"When a Samaritan woman came to draw water, Jesus said to her, “Will you give me a drink?”","NIV"
John,4,8,"(His disciples had gone into the town to buy food.)","NIV"
John,4,9,"The Samaritan woman said to him, “You are a Jew and I am a Samaritan woman. How can you ask me for a drink?” (For Jews do not associate with Samaritans.)","NIV"
Luke,1,1,"Many have undertaken to draw up an account of the things that have been fulfilled among us,","NIV"
Luke,1,2,"just as they were handed down to us by those who from the first were eyewitnesses and servants of the word.","NIV"
Luke,1,3,"With this in mind, since I myself have carefully investigated everything from the beginning, I too decided to write an orderly account for you, most excellent Theophilus,","NIV"
Luke,1,4,"so that you may know the certainty of the things you have been taught.","NIV"
Luke, 11,1,"One day Jesus was praying in a certain place. When he finished, one of his disciples said to him, “Lord, teach us to pray, just as John taught his disciples.”","NIV"
Luke, 11,2,"He said to them, “When you pray, say: “‘Father, hallowed be your name, your kingdom come.","NIV"
Luke, 11,3,"Give us each day our daily bread.","NIV"
Luke, 11,4,"Forgive us our sins, for we also forgive everyone who sins against us. And lead us not into temptation.’”","NIV"
Luke, 11,5,"Then he said to them, “Suppose you have a friend, and you go to him at midnight and say, ‘Friend, lend me three loaves of bread;","NIV"
Luke, 11,6,"a friend of mine on a journey has come to me, and I have no food to offer him.’","NIV"
Luke, 11,7,"“And suppose the one inside answers, ‘Don’t bother me. The door is already locked, and my children and I are in bed. I can’t get up and give you anything.’","NIV"
Luke, 11,8,"“I tell you, even though he will not get up and give you the bread because he is his friend, yet because of your shameless audacity he will surely get up and give you as much as you need.","NIV"
Luke, 11,9,""So I say to you: Ask and it will be given to you; seek and you will find; knock and the door will be opened to you.","NIV"
Luke, 11,10,"For everyone who asks receives; the one who seeks finds; and to the one who knocks, the door will be opened.","NIV"
Luke, 11,11,"“Which of you fathers, if your son asks for a fish, will give him a snake instead?","NIV"
Luke, 11,12,"or if he asks for an egg, will give him a scorpion?","NIV"
Luke, 11,13,"If you then, though you are evil, know how to give good gifts to your children, how much more will your Father in heaven give the Holy Spirit to those who ask him!”","NIV"
Luke, 11,14,"Jesus was driving out a demon that was mute. When the demon left, the mute spoke, and the crowd was amazed.","NIV"
Luke, 11,15,"But some of them said, “By Beelzebul, the prince of demons, he is driving out demons.”","NIV"
Luke, 11,16,"Others tested him by asking for a sign from heaven.","NIV"
Luke, 11,17,"Jesus knew their thoughts and said to them: “Any kingdom divided against itself will be ruined, and a house divided against itself will fall.","NIV"
Luke, 11,18,"If Satan is divided against himself, how can his kingdom stand? I say this because you claim that I drive out demons by Beelzebul.","NIV"
Luke, 11,19,"Now if I drive out demons by Beelzebul, by whom do your people drive them out? So then, they will be your judges.","NIV"
Luke, 11,20,"But if I drive out demons by the finger of God, then the kingdom of God has come upon you.","NIV"
Luke, 11,21,"When a strong man, fully armed, guards his own house, his possessions are safe.","NIV"
Luke, 11,22,"But when someone stronger attacks and overpowers him, he takes away the armor in which the man trusted and divides up his plunder.","NIV"
Luke, 11,23,"“Whoever is not with me is against me, and whoever does not gather with me scatters.","NIV"
Luke, 11,24,"“When an impure spirit comes out of a person, it goes through arid places seeking rest and does not find it. Then it says, ‘I will return to the house I left.’","NIV"
Luke, 11,25,"When it arrives, it finds the house swept clean and put in order.","NIV"
Luke, 11,26,"Then it goes and takes with it seven other spirits more wicked than itself, and they go in and live there. And the final condition of that person is worse than the first.”","NIV"
Luke, 11,27,"As Jesus was saying these things, a woman in the crowd called out, “Blessed is the mother who gave you birth and nursed you.”","NIV"
Luke, 11,28,"He replied, “Blessed rather are those who hear the word of God and obey it.”","NIV"
Luke, 11,29,"As the crowds increased, Jesus said, “This is a wicked generation. It asks for a sign, but none will be given it except the sign of Jonah.","NIV"
Luke, 11,30,"For as Jonah was a sign to the Ninevites, so also will the Son of Man be to this generation.","NIV"
Luke, 11,31,"The Queen of the South will rise at the judgment with the people of this generation and condemn them; for she came from the ends of the earth to listen to Solomon’s wisdom, and now something greater than Solomon is here.","NIV"
Luke, 11,32,"The men of Nineveh will stand up at the judgment with this generation and condemn it; for they repented at the preaching of Jonah, and now something greater than Jonah is here.","NIV"
Luke, 11,33,"“No one lights a lamp and puts it in a place where it will be hidden, or under a bowl. Instead, they put it on its stand, so that those who come in may see the light.","NIV"
Luke, 11,34,"Your eye is the lamp of your body. When your eyes are healthy, your whole body also is full of light. But when they are unhealthy, your body also is full of darkness.","NIV"
Luke, 11,35,"See to it, then, that the light within you is not darkness.","NIV"
Luke, 11,36,"Therefore, if your whole body is full of light, and no part of it dark, it will be just as full of light as when a lamp shines its light on you.”","NIV"
Luke, 11,37,"While Jesus was speaking, a Pharisee invited him to eat with him; so he went in and reclined at the table.","NIV"
Luke, 11,38,"But the Pharisee was surprised when he noticed that Jesus did not first wash before the meal.","NIV"
Luke, 11,39,"Then the Lord said to him, “Now then, you Pharisees clean the outside of the cup and dish, but inside you are full of greed and wickedness.","NIV"
Luke, 11,40,"You foolish people! Did not the one who made the outside make the inside also?","NIV"
Luke, 11,41,"But give what is inside the cup to the poor, and everything will be clean for you.","NIV"
Luke, 11,42,"“Woe to you Pharisees, because you give a tenth of your spices—mint, dill and cumin. But you have neglected the more important matters of the law—justice, mercy and faithfulness. You should have practiced the latter, without neglecting the former.","NIV"
Luke, 11,43,"Woe to you Pharisees, because you love the most important seats in the synagogues and respectful greetings in the marketplaces.","NIV"
Luke, 11,44,"Woe to you, because you are like unmarked graves, which people walk over without knowing it.”","NIV"
Luke, 11,45,"Then one of the experts in the law answered him, “Teacher, when you say these things, you insult us also.”","NIV"
Luke, 11,46,"Jesus replied, “Woe to you experts in the law, because you load people down with burdens they can hardly carry, and you yourselves will not lift one finger to help them.","NIV"
Luke, 11,47,"Woe to you, because you build tombs for the prophets, and it was your ancestors who killed them.","NIV"
Luke, 11,48,"So you testify that you approve of what your ancestors did; they killed the prophets, and you build their tombs.","NIV"
Luke, 11,49,"Because of this, God in his wisdom said, ‘I will send them prophets and apostles, some of whom they will kill and others they will persecute,’","NIV"
Luke, 11,50,"Therefore this generation will be held responsible for the blood of all the prophets that has been shed since the beginning of the world,","NIV"
Luke, 11,51,"from the blood of Abel to the blood of Zechariah, who was killed between the altar and the sanctuary. Yes, I tell you, this generation will be held responsible for it all.","NIV"
Luke, 11,52,"“Woe to you experts in the law, because you have taken away the key to knowledge. You yourselves have not entered, and you have hindered those who were entering.”","NIV"
Luke, 11,53,"When Jesus went outside, the Pharisees and the teachers of the law began to oppose him fiercely and to besiege him with questions,","NIV"
Luke, 11,54,"waiting to catch him in something he might say.","NIV"
